,url,title,date,author,keyword
0,https://blog.naver.com/leeviewsam/222951391594,반미362 서현역 맛집 반미도 커피도 다 존맛,2022.12.10.,돼끼의 삶,서현역 맛집
1,https://blog.naver.com/dkdl4349/222953612614,만족스러운 서현역 맛집,2022.12.12.,0 5 : 2 1,서현역 맛집
2,https://blog.naver.com/house5213/222908789205,분당 서현역 맛집 화수목 샤브샤브 스키야키 제대로!,2022.10.24.,러브액츄얼리 ♬,서현역 맛집
3,https://blog.naver.com/angeike/222917129403,[분당/서현]사위식당 서현역 맛집,2022.11.01.,취미만 백만개,서현역 맛집
4,https://blog.naver.com/ninamath/222904191492,서현역 맛집 바바스시 비스트로 분당 초밥 깔끔해,2022.10.19.,어푸어푸 맛집 여행,서현역 맛집
5,https://blog.naver.com/ek5795/222947256707,서현역 삼겹살 [꽃삼겹 청춘연가] 가성비 넘치는 서현역 맛집,2022.12.06.,안녕 난 능이버섯,서현역 맛집
6,https://blog.naver.com/vudod1/222949744392,서현역 맛집 사위식당 서현 데이트 점심,2022.12.09.,데미안의 리뷰찾기,서현역 맛집
7,https://blog.naver.com/fishcakeboss/222927661198,분당 서현역 맛집 '해피치즈스마일' (햅삐로제볶이...,2022.11.13.,어묵대장의 일상,서현역 맛집
8,https://blog.naver.com/cafepangpang/222920631167,분당 서현역 맛집 고미고미 굴돌솥밥정식 사랑이야,2022.11.05.,아초팡팡■ 반짝반짝 여행놀이:) 맛집 뷰티 운동 ♡,서현역 맛집
9,https://blog.naver.com/tkfkdgody859/222958163035,뇸뇸♥ 분당 간장게장 으로 핫한 서현역 맛집 <안집> 에서...,2022.12.17.,daily life,서현역 맛집
10,https://blog.naver.com/designedsm/222940811602,[서현역 맛집] 김청자매운갈비찜 서현점 추천!,2022.11.28.,청춘 공작소,서현역 맛집
11,https://blog.naver.com/ssh_nim/222913859896,분당 서현역 맛집 해피치즈스마일 맛있던 튀볶이 떡볶이집,2022.10.29.,쏜블로그,서현역 맛집
12,https://blog.naver.com/p_sophia/222943876540,"서현역 맛집 정통집에서 돼지김치구이, 껍데기 먹고왔어요!",2022.12.02.,토끼가 키우는 호랑이,서현역 맛집
13,https://blog.naver.com/50mmcap/222952704857,분당 서현역 맛집 각종 매스컴 방영된 샤오바오 서현점,2022.12.12.,나의 창으로 바라본 세상,서현역 맛집
14,https://blog.naver.com/third_run/222961545261,"[분당/서현역 맛집] 장어덮밥 전문점, 양산도에서 저녁 먹은 후기.",5일 전,"약간은 다르지만, 소소한.",서현역 맛집
15,https://blog.naver.com/jgh1231/222949111817,[경기/성남] 서현역 맛집 진우동 일본식 우동 맛집,2022.12.08.,볼 빨간 사십 대의 미식 기록,서현역 맛집
16,https://blog.naver.com/qhals981024/222884962346,서현역 맛집 갈비찜이 맛있는 김청자매운갈비찜,2022.09.27.,단짝친구와 작전일지,서현역 맛집
17,https://blog.naver.com/gorgeous_na_/222911688616,분당 서현역 맛집 늘 맛있는 해피치즈스마일 돈까스와 떡볶이,2022.10.27.,찐미나의 일상기록,서현역 맛집
18,https://blog.naver.com/ek5795/222960421250,서현역 맛집 [김청자매운갈비찜] 내 최애로 등극할 분당 맛집,6일 전,안녕 난 능이버섯,서현역 맛집
19,https://blog.naver.com/kazuyyy/222934152196,『분당 서현역 맛집』해피치즈스마일-해피당볶이...,2022.11.21.,사부작님의 맛있는 인생.,서현역 맛집
20,https://blog.naver.com/vivaceren/222918614707,감자뇨끼 탐방기 - 와인이 있는 분당 서현역 맛집 어바웃풍미,2022.11.04.,공중누각,서현역 맛집
21,https://blog.naver.com/hibye_s/222960669124,"서현실비 - 서현역 맛집, 숙성 오겹살 맛집",6일 전,잘 먹고 잘 살기 ୧( “̮ )୨,서현역 맛집
22,https://blog.naver.com/hayunique__/222943525152,분당 서현역 맛집 정통집 남편과 술 한 잔하기 딱 좋은 곳,2022.12.01.,하유니크,서현역 맛집
23,https://blog.naver.com/tjcokr/222957573094,분당 서현역 맛집 분당 돈까스 간코블랙 새우까츠 후기,2022.12.16.,돼미 블로그,서현역 맛집
24,https://blog.naver.com/munani0918/222945365371,연말모임 서현역맛집은 한우 탕수육이 맛있는 크리스탈 제이드,2022.12.06.,보고 느끼고 씁니다.,서현역 맛집
25,https://blog.naver.com/p_sophia/222939197519,서현역 맛집 미도인에서 시크릿 메뉴 곱창큐브덮밥 먹고 왔어요!,2022.11.27.,토끼가 키우는 호랑이,서현역 맛집
26,https://blog.naver.com/hanyong386/222916866056,부산식 낙곱새 서현역 맛집 사위식당 서현점,2022.11.01.,DOLLLAND,서현역 맛집
27,https://blog.naver.com/amurojiha/222948242684,서현역 맛집<꽃삼겹 청춘연가> 급냉삼겹살 ft.가성비맛집,2022.12.07.,폴댄스코리아윤보현_먹뽀현,서현역 맛집
28,https://blog.naver.com/didwnfkd1/222960980310,분당 서현역 맛집 돈까스 브런치 주차 간코블랙 AK프라자 분당점,6일 전,동화 속 이야기,서현역 맛집
29,https://blog.naver.com/skd9654/222948395063,서현역 맛집 낙곱새 데이트 사위식당 서현점,2022.12.07.,다미니의 행복한 블로그♥,서현역 맛집
30,https://blog.naver.com/thomas_train/222954977432,"서현 맛집, 엄마도 좋아하신 서현역 맛집 사위식당 다녀와 봄",2022.12.13.,뉴키즈온더블로그,서현역 맛집
31,https://blog.naver.com/shoodingstar/222921841979,[분당/서현] 가성비 좋은 서현역 맛집 도쿄스테이크 서현역점,2022.11.06.,슈딩스타 블로그,서현역 맛집
32,https://blog.naver.com/ghning19/222932972927,서현역 맛집 : 김청자매운갈비찜 내돈내산 솔직후기,2022.11.23.,아하-! 전국 맛집 탐방 | 빵지순례,서현역 맛집
33,https://blog.naver.com/hahahaha1985/222963281629,[서현역 맛집] 아는 사람만... 있는 시크릿 메뉴 후기_미도인 서현,3일 전,Ha's의 소소한 일상,서현역 맛집
34,https://blog.naver.com/0benny0/222943810860,연말모임은 한우탕수육 맛있는 서현역맛집 크리스탈제이드...,2022.12.02.,Benny world,서현역 맛집
35,https://blog.naver.com/joyerds/222942353870,분당 서현역 맛집 추천... 한번에! 가성비 점심 맛집 추천,2022.11.30.,한여름 밤의 꿈,서현역 맛집
36,https://blog.naver.com/jiah007/222917899702,서현역 맛집 낙곱새 사위식당 서현점 낙삼새 후기,2022.11.02.,패션뷰티 푸쉬민다 Vlog,서현역 맛집
37,https://blog.naver.com/babyyujin1/222938779920,분당서현역맛집 도쿄스테이크 후기,2022.11.26.,소소미,서현역 맛집
38,https://blog.naver.com/vnva0110/222922783011,분당 서현역 맛집 | 떡볶이와 돈까스가 맛있는...,2022.11.07.,lliimm Blog,서현역 맛집
39,https://blog.naver.com/fujii/222901184746,분당 서현역 맛집 AK플라자 간코블랙 돈까스 추천,2022.10.15.,PAPAYA 달콤한 인생,서현역 맛집
40,https://blog.naver.com/hyosunv/222885887356,분당서현역맛집 삼돌이에서 남도음식으로 서현역점심 해결!,2022.09.27.,xoXo의 소소한 공간:),서현역 맛집
41,https://blog.naver.com/kljh0122/222940722894,서현역 맛집/ 서현역 술집... 서현점 /돼지김치구이 맛집 찐후기,2022.11.28.,에듀맘링링의 Edu Story,서현역 맛집
42,https://blog.naver.com/third_run/222899675574,"[분당/서현역 맛집] 김치 갈비찜 맛집, 서현역 옹기김치집에서...",2022.10.13.,"약간은 다르지만, 소소한.",서현역 맛집
43,https://blog.naver.com/chacah11/222953808896,[서현역 맛집] 맵싹했던 양푼애등갈비 & 치킨버거는 쉐이크쉑,2022.12.13.,아깅이의 으랏차차 라이프,서현역 맛집
44,https://blog.naver.com/only1a2a3a/222952440430,분당 서현역 맛집 / 미도인... 소바 서현역 부근 직장인 추천...,2022.12.13.,랑이의 보물상자,서현역 맛집
45,https://blog.naver.com/hyunji728/222926964147,[ 서현역 맛집 / 서현맛집 ] - 낙원타코 서현점,2022.11.12.,Memento mori,서현역 맛집
46,https://blog.naver.com/sujong0720/222961988977,"상차림이 좋았던 서현역 맛집, 서현역 점심 맛집, 미도인 서현",5일 전,시원맘의 소소일상♡,서현역 맛집
47,https://blog.naver.com/geniusanna/222940569038,[서현역 맛집/분당 맛집]... 풀리는 김청자매운갈비찜 서현점,2022.11.28.,소소한 즐거움♬,서현역 맛집
48,https://blog.naver.com/bestleejin/222921638097,서현역 맛집 스시노칸도 가성비 좋은 서현초밥 전문점!♡,2022.11.06.,방방곡곡 맛집탐방!♡,서현역 맛집
49,https://blog.naver.com/dbwjd9454/222891637915,서현역 맛집 [경양카츠] 일본 감성 데이트,2022.10.04.,꾸루꾸꾸의 소확행♡,서현역 맛집
50,https://blog.naver.com/qkrdnwls1017/222958859525,[ 서현역 맛집 / 서현 점심맛집 ] 미도인 : 곱창큐브덮밥...,2022.12.18.,Cheer and Best,서현역 맛집
51,https://blog.naver.com/4julove/222916567242,"[서현역 맛집] 육화몽, 서현역 고기집, 냉이 된장찌개 맛집, 분당...",2022.11.01.,자메스의 대만사랑(愛臺灣),서현역 맛집
52,https://blog.naver.com/rose-leaf/222939380827,분당 서현역 맛집 김청자매운갈비찜 서현점(돼지매운갈비찜...,2022.11.27.,Rose&Leaf,서현역 맛집
53,https://blog.naver.com/aztecamexico/222957446673,서현역 맛집 전주현대옥 - 뜨끈한 국물 및 해장 추천...,6일 전,분당 몽상가의 감칠맛 나는 이야기,서현역 맛집
54,https://blog.naver.com/hyosunv/222917485578,서현 데이트 코스 추천 서현역 맛집 사위식당,2022.11.02.,xoXo의 소소한 공간:),서현역 맛집
55,https://blog.naver.com/dansangchu/222885239245,서현역 맛집 # 촉촉한 돈까스 샌드위치가 맛도리였던 서현맛집...,2022.09.27.,손이로그,서현역 맛집
56,https://blog.naver.com/smallwishy/222895866983,분당 서현역 맛집 데이트하기 좋은 떡볶이는 해피치즈스마일,2022.10.09.,밍글망글 블로그,서현역 맛집
57,https://blog.naver.com/sweet-sage/222910487459,"서현역 맛집 - 서현순대, 혼밥하기 좋은 분당 순대국",2022.10.25.,세이지의 달콤한 생활,서현역 맛집
58,https://blog.naver.com/junjuly4/222932253220,분당 서현역 맛집 데이트 화수목 샤브샤브,2022.11.18.,경험치가 인생의 나이를 말해주다,서현역 맛집
59,https://blog.naver.com/hyunji728/222890720580,[ 서현역맛집 ] - 경양카츠 분당서현점,2022.10.03.,Memento mori,서현역 맛집
60,https://blog.naver.com/hyunji728/222952643995,[ 서현맛집 / 서현역맛집 ] - 서현순대 분당본점,2022.12.11.,Memento mori,서현역 맛집
61,https://blog.naver.com/shincaussam/222907458931,분당 맛집 서현역 맛집 김청자매운갈비찜,2022.10.22.,- 지금을 사는 내 작은 고양이처럼,서현역 맛집
62,https://blog.naver.com/hyunji728/222961199985,[ 서현 맛집 / 서현역 맛집 ] - 김청자매운갈비찜 서현점,6일 전,Memento mori,서현역 맛집
63,https://blog.naver.com/jjms0318/222922706700,분당 서현역 맛집 ㅣ<해피치즈스마일> 서현역 떡볶이,2022.11.07.,백코 ; LIFE STYLE,서현역 맛집
64,https://blog.naver.com/sunnsky99/222950594220,"[서현역 맛집] 한식 ""연안식당 (서현점)""",2022.12.09.,Happy Story,서현역 맛집
65,https://blog.naver.com/oo4114/222955136420,역대급 우동맛집 - 분당/성남 서현역 맛집 사누키 진우동,2022.12.14.,현역 통신인의 모든것,서현역 맛집
66,https://blog.naver.com/third_run/222920142441,"[분당/서현역 맛집] 서현역 술집, 서현연어와육회 이자카야에서...",2022.11.04.,"약간은 다르지만, 소소한.",서현역 맛집
67,https://blog.naver.com/jgh1231/222950835968,[경기/성남] 분당 서현역 맛집 서울감자탕24시 서현지점.,2022.12.11.,볼 빨간 사십 대의 미식 기록,서현역 맛집
68,https://blog.naver.com/joyerds/222924366890,"분당 서현역 맛집 / ""고미고미"" 부모의 마음으로 차린 서현역 밥집",2022.11.09.,한여름 밤의 꿈,서현역 맛집
69,https://blog.naver.com/cnpskin1/222920328753,"[분당 서현역 맛집] 꽃 삼겹 고깃집 ""교대 이층집""",2022.11.05.,차앤박피부과 양재점,서현역 맛집
70,https://blog.naver.com/hyunnny0926/222907997967,"분당 서현 덮밥 맛집 '미도인 서현' (서현역 맛집, 분당 데이트...",2022.10.23.,맛있는 거 먹을때가 젤 행복한 부부❤️,서현역 맛집
71,https://blog.naver.com/kudasai-sama/222885255123,"분당 서현역맛집, 삼돌이 - 서현역점심 한상 추천",2022.09.27.,리셋할수없는 너와 나의 시간,서현역 맛집
72,https://blog.naver.com/whirick0802/222924199252,"[스시노칸도]서현역 맛집, 가성비 좋은 회전초밥 맛집...",2022.11.09.,sangsang's blog ♡,서현역 맛집
73,https://blog.naver.com/leesj4308/222942403169,서현역 맛집 이 가격이 가능해? 청춘연가 냉삼.,2022.12.01.,좀 독한술,서현역 맛집
74,https://blog.naver.com/8mmm8/222957019491,서현역 떡볶이 해피치즈스마일 분당 서현역 맛집 발견했어요,2022.12.16.,권맨,서현역 맛집
75,https://blog.naver.com/libbyworld_/222933067462,[성남/서현동] 서현역 맛집 매드포갈릭에서 피자와 리조또를 먹다,2022.11.19.,I am a dreamer.,서현역 맛집
76,https://blog.naver.com/handrong001/222931724809,서현역맛집 : (소통)에서 한우곱창과 곱창전골로 통창모임,2022.11.18.,handrong님의블로그,서현역 맛집
77,https://blog.naver.com/mochi_mochi__/222912931789,서현역맛집 가성비 좋은 도쿄스테이크 서현역점,2022.10.28.,ESFJ의 Daily,서현역 맛집
78,https://blog.naver.com/hala_94/222929361424,서현역 맛집:: 서현역 점심 추천! 샤오바오 서현점,2022.11.15.,moon,서현역 맛집
79,https://blog.naver.com/dbsgml1324/222966444245,분당 맛집 스트레스 풀리는 서현역 맛집 김청자매운갈비찜,3시간 전,맛 따라가는 여행,서현역 맛집
80,https://blog.naver.com/avalon0416/222959987533,서현역맛집 도쿄스테이크 채끝살 스테이크 jmt 파스타맛집,7일 전,리치클럽 그레이스,서현역 맛집
81,https://blog.naver.com/2metajh/222938934205,[서현 만원수산] 신선한 회... 회를 먹을 수 있는 서현역 맛집 추천,2022.11.26.,이메타의 메타버스 적응기,서현역 맛집
82,https://blog.naver.com/tts84/222885909307,[분당맛집]분당서현역맛집 서현역점심 <삼돌이>,2022.09.27.,뷰티풀 라이프❤,서현역 맛집
83,https://blog.naver.com/jjms0318/222939388589,서현역 맛집 ㅣ<정통집 서현점> 서현역 술집,2022.11.27.,백코 ; LIFE STYLE,서현역 맛집
84,https://blog.naver.com/luckyngold/222951907961,[서현역맛집] 한우 육회와 사시미 육회한 시간,2022.12.10.,SOiBLOG,서현역 맛집
85,https://blog.naver.com/babyyujin1/222958648212,서현역맛집 간코블랙 AK플라자분당점,2022.12.17.,소소미,서현역 맛집
86,https://blog.naver.com/chewnie_bro/222898153797,[서현역 맛집] 더 진국 / 맛도 가격도 믿고 갈 수 있는 24시간...,2022.10.15.,츄니오빠의 Tasty TraveL,서현역 맛집
87,https://blog.naver.com/chewnie_bro/222939617579,분당서현역 맛집 육값어치ㅣ두툼한 연어에 양많은 육회,2022.11.27.,츄니오빠의 Tasty TraveL,서현역 맛집
88,https://blog.naver.com/tongsal1004/222929695966,서현역맛집 마라탕 꿔바로우맛집 라화방,2022.11.15.,행복한소비자,서현역 맛집
89,https://blog.naver.com/reve9514/222915664447,[경기도 성남] 분당 데이트하기 좋은 서현역 맛집 #미도인 서현,2022.10.31.,푸들 3마리와 먹방생활,서현역 맛집
90,https://blog.naver.com/eunji93115/222936547565,서현역 맛집 조용한 밥집을 찾는다면 미도인 서현,2022.11.27.,은자네,서현역 맛집
91,https://blog.naver.com/cnpskin1/222931124938,"[분당 서현역 맛집] 레트로 냉삼 고깃집 ""248도깨비""",2022.11.17.,차앤박피부과 양재점,서현역 맛집
92,https://blog.naver.com/dusrud3536/222919052133,분당 토박이의 소울 맛집 서현역 맛집 [ 248 갈매기 ] 방문 후기,2022.11.03.,퇴사갓의 일탈공간,서현역 맛집
93,https://blog.naver.com/bbung_love/222914398435,[분당 서현역 맛집] mz세대 분식집 해피치즈스마일 떡볶이...,2022.10.30.,또식이의 일상 기록,서현역 맛집
94,https://blog.naver.com/s_s82/222956171714,[서현역맛집] 치즈폭포 돈가스에 서현역 혼밥 맛집...,2022.12.15.,SOBINA,서현역 맛집
95,https://blog.naver.com/happy5150515/222889023317,서현역맛집보조락비쥬얼과맛!짱유!!,2022.10.01.,행복한하루의블로그,서현역 맛집
96,https://blog.naver.com/d_d_u/222943286817,샤오바오 서현점 내돈내먹 추천하는 서현역 맛집 후기,2022.12.02.,깜둥이 흰둥이네,서현역 맛집
97,https://blog.naver.com/myownbook/222927310992,분당 서현역 맛집 고미고미 저염식 집밥같은 밥집,2022.11.13.,삶이 한 편의 글이 된다면…,서현역 맛집
98,https://blog.naver.com/ddongddong118/222966621786,서현역 맛집 미친 JMT 김청자매운갈비찜 다녀왔어요,26분 전,니니나나 니나노,서현역 맛집
99,https://blog.naver.com/card2811/222966604300,서현역 맛집 분당 게장 정식 안집,47분 전,행복 가족 일상 이야기,서현역 맛집
100,https://blog.naver.com/3frich/222908797811,서현역 맛집 사위식당 낙곱새국물에 밥비벼먹음 꿀맛,2022.10.24.,그랑블루의 경제적 자유를 찾아서,서현역 맛집
101,https://blog.naver.com/only1a2a3a/222903498936,분당 서현역 맛집 / 포하임 - 쌀국수 볶음쌀국수 스프링롤,2022.10.26.,랑이의 보물상자,서현역 맛집
102,https://blog.naver.com/o_chenny_o/222946178431,"서현역 맛집, 서현역 샐러드 비닐하우즈(VINYL HOUZE)",2022.12.04.,✿채니이야기✿,서현역 맛집
103,https://blog.naver.com/gkrhdy/222957170300,분당 서현역 맛집 :: 혼밥하기 좋은 고쿠텐 텐동,2022.12.16.,♥ vovo의 행복한 일상 ♥,서현역 맛집
104,https://blog.naver.com/toxko46/222953488043,분당 맛집 서현역 맛집 제육볶음 들깨수제비 맛있는 소담칼국수,7일 전,제이♥,서현역 맛집
105,https://blog.naver.com/iicheul/222949163585,분당 서현역 맛집 248고기집 소고기한판,2022.12.15.,김팀장의 오늘의 일상,서현역 맛집
106,https://blog.naver.com/sta_r_im/222920943310,분당 서현역 맛집 / 해피치즈스마일 분당점 :: 서현역 떡볶이...,2022.11.05.,⋆ ﾟ☽ ⋆,서현역 맛집
107,https://blog.naver.com/bysg123/222960630064,서현역 맛집 미가 들깨수제비 충무김밥,6일 전,봄날~,서현역 맛집
108,https://blog.naver.com/luckyngold/222938285529,[서현역맛집] 착한 가격의 파스타집 투파인드피터,2022.11.25.,SOiBLOG,서현역 맛집
109,https://blog.naver.com/kcherry2277/222931860551,"맛집 삼돌이 -분당서현역맛집,분당하모샤브샤브,서현역점심",2022.11.18.,Beyoutiful days,서현역 맛집
110,https://blog.naver.com/nyangbar/222963384780,분당 서현역 맛집 양푼애등갈비 내돈내산 후기,3일 전,용랑아의 게임월드,서현역 맛집
111,https://blog.naver.com/sunilida123/222962618593,가성비 좋은 서현역 맛집 최고당 돈가스 후기,4일 전,먹.놀.알.살,서현역 맛집
112,https://blog.naver.com/deepoceanblu/222907198813,"생각나는 김청자 매운갈비찜 서현점 - 분당 맛집, 서현역 맛집",2022.10.23.,모터사이클 타는 아빠의 재미난 블로그...,서현역 맛집
113,https://blog.naver.com/soy_the_world/222956062172,[분당 서현역 맛집] 해피치즈스마일 분당점: 돈까스 플레이트...,2022.12.15.,쏘이의 일기장(Soy The World),서현역 맛집
114,https://blog.naver.com/soeui6/222899415919,[서현역 맛집] 화수목 샤브샤브 후기/ 가족모임이나 회식으로도...,2022.10.13.,백곰로그,서현역 맛집
115,https://blog.naver.com/basara0124/222896840933,분당 서현역맛집 솔밭삼겹살 선지해장국과 삼겹살이 맛있는 곳,2022.10.11.,예옹이의 맛집 탐방 ฅ^•ﻌ•^ฅ ♡,서현역 맛집
116,https://blog.naver.com/khyrt/222905685418,서현역맛집ㅣ철판요리 미미 깔끔한 일식 내돈내산 후기,2022.10.20.,Love your life♥,서현역 맛집
117,https://blog.naver.com/healthymocee/222959228475,특별한 날 데이트하기 좋은 서현역 맛집 '비율',2022.12.18.,Healthy Mocee 헬씨모씨,서현역 맛집
118,https://blog.naver.com/youanttmr/222938385639,서현역 맛집 미도인 분위기 좋은 서현 덮밥집,2022.11.26.,마음의 운동,서현역 맛집
119,https://blog.naver.com/luckygreen09/222963003672,서현역 맛집 본점의 맛 그대로 양푼애등갈비 화수목 샤브샤브,4일 전,Reboot Myself,서현역 맛집
120,https://blog.naver.com/dlwotjd750209/222966222438,서현역 맛집 [ 양푼애 등갈비 & 스타벅스 ],5시간 전,거기서 거기,서현역 맛집
121,https://blog.naver.com/hwaney7/222965438015,"[서현역 맛집] ""육회한시간"" 입에서 녹는 육사시미 맛집(feat...",1시간 전,배고파돼지겠다,서현역 맛집
122,https://blog.naver.com/kimsunyoung4948/222964531220,판교 맛집 서현역 맛집 김청자매운갈비찜,2일 전,_____________왈가닥유유네♡,서현역 맛집
123,https://blog.naver.com/jjms0318/222897757539,분당서현역맛집ㅣ<됐소 서현점 > 서현역소고기,2022.10.11.,백코 ; LIFE STYLE,서현역 맛집
124,https://blog.naver.com/sarangmom11/222899558246,분당 서현역 맛집 들깨수제비 충무김밥이 맛있는 미가,2022.10.13.,"여행, 그 기분좋은 설렘",서현역 맛집
125,https://blog.naver.com/jyuebling/222893713243,[분당 서현역 맛집] 하루에 기름 2번 바꾸는 바삭한 텐동 고쿠텐,2022.10.06.,슬뚜 커플,서현역 맛집
126,https://blog.naver.com/2366dsa/222958830002,[서현역 떡볶이 추천] 서현역 돈까스 분당 서현역 맛집...,4일 전,히블리네 별별일상☆★,서현역 맛집
127,https://blog.naver.com/gwss001/222950843647,특★집 : 공채1기 적응기(1편)_두런두런 서현역 맛집 이야기,공식 2022.12.09.,고운세상코스메틱,서현역 맛집
128,https://blog.naver.com/piglet7738/222942374372,서현역 맛집 <도쿄스테이크> & 버거킹,2022.11.30.,피글렛,서현역 맛집
129,https://blog.naver.com/ling0509/222919667255,"(서현역맛집) 스시노칸도 회전초밥1,990 원",2022.11.04.,My 2nd Life,서현역 맛집
130,https://blog.naver.com/lorya1/222954506281,서현역맛집/ 서현역감자탕/ 서울감자탕/내돈내산,2022.12.13.,이스타 LEESTAR,서현역 맛집
131,https://blog.naver.com/hyongjo123/222957896635,[서현역 맛집] 육회한시간(feat. 뭉티기 & 육사시미),2022.12.16.,잘먹는 오랑우탄의 메모지,서현역 맛집
132,https://blog.naver.com/sysbre/222954536619,서현역 맛집 사위식당 서현점에서 가족외식 즐기기,2022.12.13.,창고지기,서현역 맛집
133,https://blog.naver.com/gogiin66/222963249506,한식명인이 만든 서현역 맛집 내돈내산 <고미고미>,3일 전,고진의 일기장,서현역 맛집
134,https://blog.naver.com/choizeun/222950198543,서현동 삼겹살 서현역 맛집 꽃삼겹 청춘연가,2022.12.08.,Happily Ever After,서현역 맛집
135,https://blog.naver.com/sinae0423/222946422208,"서현역 삼겹살,서현역 맛집ㅣ청춘연가 서현역점",2022.12.05.,둥이 플레이스,서현역 맛집
136,https://blog.naver.com/sta_r_im/222953314101,내돈내산 서현역맛집 / 미도인 서현점 / 점심으로 대창덮밥,2022.12.12.,⋆ ﾟ☽ ⋆,서현역 맛집
137,https://blog.naver.com/0benny0/222908919177,서현역맛집 크리스탈제이드에서 씨리얼새우 냠냠 아기랑...,2022.10.24.,Benny world,서현역 맛집
138,https://blog.naver.com/i95kitty/222955038703,대구 명물 뭉티기를 즐길 수 있는 서현역 맛집 육값어치,2022.12.14.,맛있고 즐거운 나날 :D,서현역 맛집
139,https://blog.naver.com/only1a2a3a/222903616538,분당 서현역 맛집 / 몽짬뽕 - 몽세트B 짬뽕 짜장면 탕수육...,2022.10.20.,랑이의 보물상자,서현역 맛집
140,https://blog.naver.com/ehqldpfla/222960554952,"[서현역 맛집] 서현연어와육회 | 분당 이자카야, 서현역 술집",6일 전,월급쟁이 팬더의 일상,서현역 맛집
141,https://blog.naver.com/the_studiof/222887523691,분당 데이트 하기 좋은 서현역 맛집 미도인,2022.09.29.,오브,서현역 맛집
142,https://blog.naver.com/bang_review/222946838796,"서현역 맛집, 에도마에텐동하마다 서현점 내돈내산 후기~",2022.12.05.,방와쳐의 미드전문블로그,서현역 맛집
143,https://blog.naver.com/jyjy1002/222955434516,서현역 맛집 수제버거 립하우스 _더블치즈버거,2022.12.14.,"레벨업, 엄마",서현역 맛집
144,https://blog.naver.com/delicious_australia/222904460245,[분당 서현역 맛집] 유타로 매운 라멘과 구수한 시로라멘 내돈내먹,2022.10.19.,까누랑 여행갈까누?,서현역 맛집
145,https://blog.naver.com/only1a2a3a/222903423060,분당 서현역 맛집... aka 서현역 돈가스 맛집 돈키호테를...,2022.10.19.,랑이의 보물상자,서현역 맛집
146,https://blog.naver.com/sah0007/222900055251,분당 서현역 맛집 텐동의 정석 고쿠텐,2022.10.14.,분홍기린의 블로그,서현역 맛집
147,https://blog.naver.com/jyuebling/222903346220,분당서현역맛집인 서현역 고기집 됐소에 다녀왔어요,2022.10.18.,슬뚜 커플,서현역 맛집
148,https://blog.naver.com/jjidob/222909905941,"서현역 맛집, 새로운 고기맛집 발견 최가네숯불구이",2022.10.25.,자유의 찌도비,서현역 맛집
149,https://blog.naver.com/jjms0318/222928778518,분당 타코 ㅣ<낙원타코 서현점> 서현역맛집,2022.11.14.,백코 ; LIFE STYLE,서현역 맛집
